[{"id":"e2c96b73-d391-4835-ad96-ad37bd5f4c07","path":"/mortgage_data_portion-20231024-182812.csv"},{"id":"424c234b-18c6-4789-9fb1-2aa267e99f64","path":"/mortgage_data_portion.csv"},{"id":"59344329-e244-48e5-ae65-d7ceff0ea20a","path":"/Speed comparison.ipynb"},{"id":"dce25cde-24dd-46ba-ab47-aed364916bb3","path":"/API_NY.GNP.PCAP.CD_DS2_en_csv_v2_5995153.csv"},{"id":"c6e68f02-4b0b-4f70-9f05-5c812f002286","path":"//GNI-Risk plots"},{"id":"165f180a-c214-4f47-abd5-db782382156a","path":"//output.txt"},{"id":"a67fc86f-84a9-4bd3-ab52-1f0c6bafc250","path":"//merged data.txt"},{"id":"29ea9687-5d06-4a71-9029-7b542a382d1b","path":"//summary.txt"},{"id":"6d31271f-d250-4ed2-b899-8f949960e67e","path":"//mortgage_data_portion.csv"},{"id":"358557d1-44ba-4ce7-a88f-b99b11d911f7","path":"//xvars.csv"},{"id":"d5bac0a7-52d5-4eb8-a39c-1c314c511f37","path":"//requirements.txt"},{"id":"b2593d70-6bdb-4953-b91a-630729573b48","path":"//forward_selection_pvalue.py"},{"id":"15c06d20-af1b-4c22-9e5a-c03595eed1f8","path":"//API_SP.POP.TOTL_DS2_en_csv_v2_6011311.csv"},{"id":"f85f0eb2-5b4d-41a8-a285-1e9fc2881433","path":"//forward_selection.py"},{"id":"a2623c90-9d10-49dd-a148-20a641bdcb44","path":"//backward_selection_pvalue.py"},{"id":"f143af32-0e1b-4f8c-968b-e4c0add55704","path":"//hybrid-model.txt"},{"id":"de9678da-7736-42e8-afe9-9ed12965fbc4","path":"//hybrid_model.txt"},{"id":"8e02d648-20a1-4f47-b91e-5316feae42c0","path":"//API_NY.GNP.PCAP.CD_DS2_en_csv_v2_5995153.csv"},{"id":"7fa69bb2-c44b-4925-9c4e-ed82007eaccb","path":"//model.summary"},{"id":"21955a26-06e6-459e-8457-303f787752ee","path":"/forward_selection_AdjRsq.py"},{"id":"adfeb804-11aa-44c1-a284-933cf30b0abb","path":"/forward_selection_pvalue.py"},{"id":"6ee18e2f-8e03-445b-a6f6-40bcb1af899c","path":"/forward_selection.py"},{"id":"e1e70bde-44de-4f13-8b53-e1c07ac1d7ed","path":"/backward_selection_pvalue.py"},{"id":"15f46d69-5efd-4230-8c7e-cf7104c6df94","path":"/MLB.txt"},{"id":"c87ab377-a088-468d-9e0a-f039fb19b710","path":"/backward_selection.py"},{"id":"0d36da0a-16ab-4ec9-b31f-f2721bae8e4b","path":"/requirements.txt"}]